"SKU","MPN","Qty","Footprint","Reference","Value","DNP","Exclude from BOM","Exclude from Board","Datasheet"
"162123","","1","Sensor_Motion:InvenSense_QFN-24_4x4mm_P0.5mm_NoMask","U4","MPU-6050","","","","https://invensense.tdk.com/wp-content/uploads/2015/02/MPU-6000-Datasheet1.pdf"
"","","1","My_Custom_Footprints:XIAO-ESP32C3-SMD","U3","XIAO-ESP32-C3-SMD","","","",""
"R201770","SN74AHCT1G125DBVR","1","Package_TO_SOT_SMD:SOT-23-5","U2","SN74AHCT1G125DBVR","","","","https://www.onsemi.com/pdf/datasheet/nc7sz125-d.pdf"
"R216425","TPS61023DRLR","1","custom_lib:TPS61023DRLR","U1","TPS61023DRLR","","","","https://www.ti.com/lit/gpn/tps61023"
"R209018","CRCW0603100KFKEAC.","1","Resistor_SMD:R_0603_1608Metric","R7","100k","","","","~"
"R209018","CRCW0603100KFKEAC","1","Resistor_SMD:R_0603_1608Metric","R6","100k","","","","~"
"573846","","1","Resistor_SMD:R_0603_1608Metric","R5","4.7K","","","","~"
"573846","","1","Resistor_SMD:R_0603_1608Metric","R4","4.7K","","","","~"
"573846","","1","Resistor_SMD:R_0603_1608Metric","R3","4.7K","","","","~"
"R209018","CRCW0603100KFKEAC","1","Resistor_SMD:R_0603_1608Metric","R2","100k","","","","~"
"R197181","RC0603FR-07732KL","1","Resistor_SMD:R_0603_1608Metric","R1","732k","","","","~"
"R113961","XFL4020-222MEC ","1","custom_lib:IND_XEL4030-102MEC","L1","XEL4030-102MEC","","","",""
"R136185","WT100EW-02-0-T-00","1","","J3","SM02B-SRSS-TB_LF__SN_","","","",""
"R136189","WT100EL-03-T-00","1","Connector_JST:JST_SH_SM03B-SRSS-TB_1x03-1MP_P1.00mm_Horizontal","J1","JST","","","","~"
"","QMC5883L","1","custom_lib:QMC5883L","IC1","QMC5883L","","","","https://datasheet.lcsc.com/lcsc/2012221837_QST-QMC5883L_C976032.pdf"
"R144123","CL10A475MA8NQNC","1","Capacitor_SMD:C_0603_1608Metric","C10","4.7uF","","","","~"
"R144018","GRM155R71C224MA12D","1","Capacitor_SMD:C_0603_1608Metric","C9","0.22uF","","","","~"
"1415725","","1","Capacitor_SMD:C_0603_1608Metric","C8","0.1uF","","","","~"
"R207408","0603B222K500NT","1","Capacitor_SMD:C_0603_1608Metric","C7","2.2nF","","","","~"
"1415725","","1","Capacitor_SMD:C_0603_1608Metric","C6","0.1uF","","","","~"
"1415725","","1","Capacitor_SMD:C_0603_1608Metric","C5","0.1uF","","","","~"
"R144118","0603X106K160NT","1","Capacitor_SMD:C_0603_1608Metric","C4","10uF","","","","~"
"R243185","CL10A226MO7JZNC","1","Capacitor_SMD:C_0603_1608Metric","C3","22uF","","","","~"
"R243185","CL10A226MO7JZNC","1","Capacitor_SMD:C_0603_1608Metric","C2","22uF","","","","~"
"R144118","0603X106K160NT","1","Capacitor_SMD:C_0603_1608Metric","C1","10uF","","","","~"
